date;PM25;PM10;TEMP;HUMIDITY;WIND SPEED
04/04/2017;68;57;14.3;61.1;21.2
05/04/2017;83;18;13.7;57.9;17.4
06/04/2017;49;44;6.4;77.4;33.6
07/04/2017;72;45;5.1;84.3;15.3
08/04/2017;68;52;9.7;66.2;27
09/04/2017;106;51;8.1;83.2;13.5
10/04/2017;94;46;13.1;64.3;23.5
11/04/2017;61;33;7.3;67.3;39.3
12/04/2017;84;19;5.7;83.8;24.6
13/04/2017;60;17;7.8;82.0;35.1
14/04/2017;54;32;6.3;81.5;36.9
15/04/2017;84;13;8.3;78.6;21.9
16/04/2017;44;14;4.6;71.8;36.7
17/04/2017;50;15;3.4;62.6;17.2
18/04/2017;50;24;3.4;65.9;37.7
19/04/2017;56;36;4.4;50.7;39.8
20/04/2017;64;59;4.0;47.6;26.6
21/04/2017;106;28;5.6;66.6;30.6
22/04/2017;57;24;7.3;63.0;45.9
23/04/2017;49;33;4.7;71.7;35.2
24/04/2017;61;43;5.9;65.4;28
25/04/2017;83;19;11.4;57.6;33
26/04/2017;63;25;5.8;85.2;15.3
27/04/2017;73;23;5.1;84.1;10
28/04/2017;73;28;5.5;90.9;22.4
29/04/2017;66;24;7.0;79.0;16.6
30/04/2017;69;13;7.5;71.3;19.3
01/05/2017;43;13;10.2;55.9;27.2
02/05/2017;44;19;9.0;65.4;34.3
03/05/2017;64;21;8.5;83.1;23.7
04/05/2017;63;30;12.8;85.2;30.3
05/05/2017;73;48;16.4;72.4;12.1
06/05/2017;83;36;18.0;66.6;15.1
07/05/2017;100;23;12.5;92.1;16.9
08/05/2017;59;25;7.5;84.1;31.5
09/05/2017;47;37;4.5;66.2;31.7
10/05/2017;75;26;5.3;69.2;17.5
11/05/2017;76;33;8.4;81.4;15.3
12/05/2017;81;36;12.8;72.5;27.7
13/05/2017;76;39;15.3;65.3;21.9
14/05/2017;84;52;15.9;61.1;11.1
15/05/2017;86;36;15.4;67.6;15
16/05/2017;65;35;16.9;60.3;19.6
17/05/2017;53;36;16.7;49.8;9.5
18/05/2017;59;32;18.3;48.5;18.8
19/05/2017;52;46;19.5;45.0;25.9
20/05/2017;63;46;20.9;48.1;15.9
21/05/2017;73;40;17.3;71.2;34.9
22/05/2017;51;45;16.8;60.3;19.6
23/05/2017;56;40;18.5;49.6;14.2
24/05/2017;79;33;13.7;84.7;11.7
25/05/2017;59;44;15.6;66.9;19
26/05/2017;71;43;15.5;74.7;20.4
27/05/2017;74;31;17.3;60.7;15.8
28/05/2017;53;41;19.4;58.0;10.1
29/05/2017;62;53;21.3;59.8;18.8
30/05/2017;68;50;21.0;62.4;14.6
31/05/2017;67;47;19.8;66.0;27
01/06/2017;62;46;13.9;65.3;24.1
02/06/2017;57;24;16.2;56.1;25.7
03/06/2017;33;25;15.2;37.9;18.5
04/06/2017;52;33;19.1;55.5;24.8
05/06/2017;58;26;17.6;65.3;22.9
06/06/2017;60;32;19.1;62.9;28
07/06/2017;51;42;18.0;64.8;23.2
08/06/2017;61;43;16.0;60.0;16.3
09/06/2017;64;34;19.1;54.8;13.2
10/06/2017;59;26;19.5;62.0;22
11/06/2017;48;35;19.1;59.9;22.9
12/06/2017;64;30;18.4;71.3;18.8
13/06/2017;53;27;16.1;67.8;29.9
14/06/2017;52;22;15.9;69.1;29.8
15/06/2017;49;29;17.2;66.8;16.1
16/06/2017;64;24;17.7;73.8;18.5
17/06/2017;52;24;16.6;71.0;25.9
18/06/2017;54;32;18.7;66.4;21.9
19/06/2017;54;37;21.9;66.1;20.6
20/06/2017;62;31;24.0;60.7;22.7
21/06/2017;46;40;17.3;56.7;25.1
22/06/2017;56;29;18.4;59.1;14.2
23/06/2017;68;24;18.9;79.3;21.7
24/06/2017;59;25;19.2;75.8;23.8
25/06/2017;56;23;22.0;63.0;16.4
26/06/2017;52;31;18.9;73.8;20
27/06/2017;58;22;19.0;61.3;10.1
28/06/2017;63;25;21.1;81.5;24.8
29/06/2017;61;20;22.7;75.9;25.9
30/06/2017;39;12;19.3;68.3;32.2
01/07/2017;30;16;18.7;67.8;18.7
02/07/2017;40;27;17.3;77.4;26.2
03/07/2017;49;25;16.5;66.7;25.3
04/07/2017;48;30;14.9;70.7;22.2
05/07/2017;55;35;14.2;76.6;15
06/07/2017;58;35;16.4;65.8;15.6
07/07/2017;58;26;18.5;59.7;9.2
08/07/2017;58;27;19.2;68.5;12.6
09/07/2017;60;29;19.2;70.8;15.6
10/07/2017;65;32;21.8;66.5;21.9
11/07/2017;70;34;20.6;82.4;18
12/07/2017;68;24;20.3;75.5;13
13/07/2017;49;35;17.4;76.8;31.1
14/07/2017;52;29;15.8;65.3;14.8
15/07/2017;52;23;17.1;64.5;12.4
16/07/2017;50;33;17.8;64.0;13
17/07/2017;65;39;17.6;74.5;13.7
18/07/2017;55;38;18.2;63.1;11.4
19/07/2017;69;41;20.6;63.1;10.3
20/07/2017;72;47;20.5;80.3;10.6
21/07/2017;94;31;19.5;88.5;9.2
22/07/2017;70;25;21.9;73.3;10.8
23/07/2017;67;35;20.8;80.5;18
24/07/2017;65;21;22.4;65.0;12.7
25/07/2017;61;25;19.3;82.5;19.8
26/07/2017;56;27;17.3;78.7;13.7
27/07/2017;49;27;18.6;72.7;17.2
28/07/2017;61;28;18.1;84.2;12.7
29/07/2017;56;27;18.3;73.6;18.2
30/07/2017;59;38;23.5;61.7;14.5
31/07/2017;61;34;25.4;62.0;15.1
01/08/2017;70;46;27.4;60.4;23.2
02/08/2017;68;39;24.3;67.4;15.8
03/08/2017;74;45;23.9;73.1;14.5
04/08/2017;63;42;23.8;64.0;16.1
05/08/2017;58;28;21.8;62.1;14
06/08/2017;59;30;20.0;67.7;20
07/08/2017;44;27;18.0;61.4;11.3
08/08/2017;47;30;19.0;60.3;24.8
09/08/2017;58;34;22.9;61.2;24.1
10/08/2017;74;42;24.7;70.3;24.1
11/08/2017;94;27;27.2;65.4;22.2
12/08/2017;58;15;20.2;78.6;20.4
13/08/2017;50;19;17.1;75.0;14.5
14/08/2017;43;15;18.1;60.3;16.7
15/08/2017;39;30;19.4;54.8;18.2
16/08/2017;54;23;21.4;54.8;15.9
17/08/2017;62;55;19.4;79.3;14.6
18/08/2017;85;31;22.9;65.9;14
19/08/2017;67;23;19.9;80.3;17.9
20/08/2017;70;22;15.9;95.5;8
21/08/2017;57;18;15.0;82.7;13.5
22/08/2017;52;19;14.5;86.8;19.3
23/08/2017;54;30;13.9;88.0;20.3
24/08/2017;59;48;15.5;76.0;16.4
25/08/2017;84;36;17.8;75.4;14.5
26/08/2017;73;26;18.8;69.4;6.8
27/08/2017;65;22;19.5;75.9;24.5
28/08/2017;51;27;15.9;80.1;21.9
29/08/2017;51;32;16.0;67.4;10
30/08/2017;72;41;17.7;67.7;19.3
31/08/2017;73;28;20.4;65.5;20.8
01/09/2017;67;9;17.8;85.0;24.3
02/09/2017;34;15;13.8;94.5;24
03/09/2017;51;14;13.2;91.3;12.1
04/09/2017;46;14;13.5;91.1;23.3
05/09/2017;48;15;15.0;90.3;18.3
06/09/2017;50;18;15.2;93.1;10.1
07/09/2017;42;13;13.7;89.6;26.2
08/09/2017;74;29;14.9;78.1;18
09/09/2017;54;25;17.2;71.2;25.3
10/09/2017;67;39;18.4;78.0;17.4
11/09/2017;88;23;18.5;90.8;10.8
12/09/2017;63;26;15.3;93.1;12.9
13/09/2017;52;18;15.7;72.5;28.2
14/09/2017;33;23;16.1;75.6;23.8
15/09/2017;49;26;12.4;80.2;19.5
16/09/2017;67;31;12.8;84.8;17.1
17/09/2017;82;21;13.4;93.4;14.8
18/09/2017;55;44;12.3;85.2;36.2
19/09/2017;90;27;12.5;75.9;9.3
20/09/2017;75;25;12.3;90.0;22
21/09/2017;72;23;11.7;94.0;31.5
22/09/2017;66;31;13.4;93.6;16.1
23/09/2017;76;33;15.1;88.6;27
24/09/2017;75;29;14.8;86.2;22.5
25/09/2017;70;49;14.0;83.3;30.4
26/09/2017;87;36;15.6;79.5;24.9
27/09/2017;72;27;14.3;67.1;31.7
28/09/2017;64;31;12.8;68.6;30.3
29/09/2017;68;34;11.0;66.7;32
30/09/2017;76;36;10.6;65.8;28.2
01/10/2017;89;47;9.6;72.0;27.4
02/10/2017;101;37;9.8;76.8;24
03/10/2017;100;28;11.2;91.0;18.2
04/10/2017;70;15;11.5;83.0;21.6
05/10/2017;49;14;9.8;88.5;23.7
06/10/2017;45;19;9.2;88.3;24.6
07/10/2017;60;16;9.6;87.2;19.3
08/10/2017;54;19;9.2;88.9;21.2
09/10/2017;46;29;8.3;77.5;30.1
10/10/2017;71;23;8.5;81.3;22.7
11/10/2017;72;27;12.8;90.9;21.1
12/10/2017;83;39;13.9;80.4;22.7
13/10/2017;75;42;11.1;73.9;32.2
14/10/2017;94;30;12.0;87.9;20.1
15/10/2017;77;55;15.1;90.4;21.1
16/10/2017;104;71;14.2;83.8;12.6
17/10/2017;137;88;14.8;83.6;10.6
18/10/2017;155;59;13.9;85.7;8
19/10/2017;134;55;13.7;81.3;14.5
20/10/2017;126;51;12.0;91.2;13.2
21/10/2017;138;36;11.7;96.3;14.2
22/10/2017;104;31;9.0;96.3;23.2
23/10/2017;90;42;7.8;95.8;16.4
24/10/2017;104;36;6.1;82.8;15.6
25/10/2017;102;24;6.9;93.1;23.8
26/10/2017;65;28;11.5;83.4;26.2
27/10/2017;76;15;9.9;87.9;23.8
28/10/2017;56;7;7.8;87.8;29.8
29/10/2017;27;17;6.7;85.6;42.3
30/10/2017;31;32;4.0;69.2;47.3
31/10/2017;60;32;3.2;74.7;28.2
01/11/2017;93;22;7.2;91.4;25.4
02/11/2017;74;29;9.7;93.4;24.9
03/11/2017;80;44;9.2;90.9;16.7
04/11/2017;105;38;8.3;84.4;16.1
05/11/2017;104;59;7.8;80.6;23.8
06/11/2017;133;44;9.5;82.2;14.2
07/11/2017;114;36;8.6;86.0;23.2
08/11/2017;95;45;5.4;82.0;35.2
09/11/2017;112;52;5.9;90.0;18.2
10/11/2017;129;17;7.1;85.4;20.3
11/11/2017;56;26;5.0;84.1;27.5
12/11/2017;79;33;3.5;84.7;18.5
13/11/2017;99;39;3.0;91.9;18.7
14/11/2017;95;49;3.8;81.3;16.9
15/11/2017;118;67;5.6;83.1;14.8
16/11/2017;156;61;5.5;93.8;10.3
17/11/2017;145;43;4.9;86.6;14.2
18/11/2017;100;23;3.4;84.7;16.7
19/11/2017;72;19;3.9;82.0;24.8
20/11/2017;61;50;2.2;86.0;22.4
21/11/2017;121;56;0.7;90.7;9.5
22/11/2017;149;46;1.9;94.8;20.6
23/11/2017;122;59;5.5;92.9;21.1
24/11/2017;149;52;6.1;87.8;15.4
25/11/2017;135;32;8.3;84.4;18.8
26/11/2017;82;55;4.0;82.5;20.4
27/11/2017;140;56;0.8;90.4;11.4
28/11/2017;137;54;1.5;81.0;26.4
29/11/2017;146;51;1.4;91.3;13.8
30/11/2017;134;42;0.7;95.2;19
01/12/2017;121;51;0.7;94.9;24.5
02/12/2017;136;66;1.5;94.6;10.1
03/12/2017;160;44;0.5;94.0;7.4
04/12/2017;119;29;0.4;91.3;21.1
05/12/2017;86;15;2.6;90.5;23
06/12/2017;55;38;5.7;93.7;37.3
07/12/2017;104;43;4.4;86.2;26.1
08/12/2017;103;45;3.9;80.3;19.2
09/12/2017;109;38;0.6;83.5;12.9
10/12/2017;97;27;0.8;81.1;25.6
11/12/2017;77;36;3.5;79.9;30.1
12/12/2017;69;52;7.3;71.1;29.8
13/12/2017;96;35;1.3;75.1;19.6
14/12/2017;101;71;1.4;82.9;30.6
15/12/2017;118;48;2.1;85.6;19.3
16/12/2017;129;58;1.3;92.8;15.6
17/12/2017;145;68;1.0;89.7;9
18/12/2017;154;45;-0.8;93.8;13.5
19/12/2017;109;44;-2.1;83.3;20.4
20/12/2017;122;42;-0.3;90.7;20.4
21/12/2017;119;23;0.1;95.8;19.8
22/12/2017;71;23;3.3;89.6;27
23/12/2017;75;11;3.6;93.2;28.3
24/12/2017;44;16;8.4;90.9;50.9
25/12/2017;58;39;8.4;82.5;39.8
26/12/2017;110;49;4.5;79.4;18.5
27/12/2017;132;44;3.0;86.5;20.9
28/12/2017;101;37;6.5;79.8;25.6
29/12/2017;105;57;2.0;91.2;18.2
30/12/2017;147;66;-0.2;88.3;20.1
31/12/2017;82;33;3.7;90.7;23.5
01/01/2018;96;55;7.6;83.3;19.5
02/01/2018;147;34;1.4;96.7;14.2
03/01/2018;88;25;3.5;89.5;26.4
04/01/2018;64;27;5.8;81.1;28
05/01/2018;76;38;6.3;77.7;24.9
06/01/2018;105;37;5.4;88.7;11.4
07/01/2018;93;78;2.1;79.2;21.1
08/01/2018;131;78;-2.9;80.8;6
09/01/2018;160;51;-2.0;79.6;24.3
10/01/2018;114;40;0.3;74.2;28.2
11/01/2018;107;34;0.5;87.1;27.2
12/01/2018;89;44;-1.4;85.1;32.8
13/01/2018;89;43;-2.2;76.0;33.6
14/01/2018;97;54;-5.3;74.6;33.6
15/01/2018;122;70;-6.1;69.5;32
16/01/2018;137;39;-5.1;81.4;42.6
17/01/2018;110;34;0.3;89.8;22.5
18/01/2018;100;27;1.1;87.0;28.2
19/01/2018;84;53;0.9;89.5;29.8
20/01/2018;143;68;0.3;92.7;11.4
21/01/2018;159;51;-1.3;93.3;14.5
22/01/2018;123;56;-3.4;87.1;20.4
23/01/2018;142;56;-4.7;85.5;22.2
24/01/2018;152;50;-0.5;89.0;23.3
25/01/2018;135;70;3.8;79.1;18.2
26/01/2018;159;80;0.7;84.2;15.9
27/01/2018;175;35;1.5;96.8;9.3
28/01/2018;101;18;4.2;91.3;26.4
29/01/2018;63;15;8.1;89.0;35.2
30/01/2018;41;40;4.7;79.7;49.6
31/01/2018;84;42;3.5;75.0;23.7
01/02/2018;118;39;4.2;88.6;18.7
02/02/2018;107;68;1.7;94.2;11.3
03/02/2018;160;43;-0.3;95.3;13.4
04/02/2018;104;85;-0.4;77.5;20.4
05/02/2018;91;48;-3.0;71.7;23.7
06/02/2018;115;114;-4.9;83.9;13.4
07/02/2018;170;56;-4.2;79.2;20
08/02/2018;149;48;-1.3;88.1;22
09/02/2018;128;61;-2.6;90.4;18.5
10/02/2018;150;65;-3.4;88.5;10.6
11/02/2018;156;57;-2.0;84.2;21.7
12/02/2018;150;85;-0.5;86.6;15.1
13/02/2018;171;60;-0.3;87.6;7.2
14/02/2018;151;46;0.1;87.0;16.7
15/02/2018;124;56;-2.7;85.8;18.8
16/02/2018;150;51;-0.2;85.2;19.5
17/02/2018;143;53;0.7;88.9;16.1
18/02/2018;104;71;0.2;78.8;20.9
19/02/2018;145;62;0.2;72.5;8.4
20/02/2018;124;61;-0.5;63.4;24.1
21/02/2018;127;59;-1.9;70.5;24.6
22/02/2018;136;63;-5.1;69.0;22
23/02/2018;137;56;-5.6;68.7;17.9
24/02/2018;117;65;-7.2;72.5;31.9
25/02/2018;116;97;-10.3;66.5;19.3
26/02/2018;145;94;-10.7;66.5;15.8
27/02/2018;150;72;-11.6;65.3;24.9
28/02/2018;119;61;-10.6;64.7;31.5
01/03/2018;120;76;-11.1;68.7;13.7
02/03/2018;152;66;-11.0;68.8;19.5
03/03/2018;157;78;-9.1;72.8;16.6
04/03/2018;158;151;-7.1;72.5;12.1
05/03/2018;179;87;-1.9;58.3;25.9
06/03/2018;164;65;1.5;68.1;24.6
07/03/2018;160;65;2.1;93.7;15.8
08/03/2018;152;54;4.8;80.6;13.4
09/03/2018;126;63;3.5;79.1;16.1
10/03/2018;145;65;4.7;71.0;12.9
11/03/2018;150;47;9.4;68.5;19.5
12/03/2018;102;51;10.2;75.1;29.9
13/03/2018;97;42;10.5;71.4;23
14/03/2018;99;41;6.2;85.9;18
15/03/2018;100;32;1.0;82.0;22.9
16/03/2018;77;25;-1.7;79.6;39.6
17/03/2018;60;43;-4.5;56.9;43
18/03/2018;66;63;-3.8;45.1;38.5
19/03/2018;93;80;-3.0;39.1;25.7
20/03/2018;139;61;-1.0;44.8;13.2
21/03/2018;80;71;-0.6;56.6;30.7
22/03/2018;132;67;1.5;57.2;18.5
23/03/2018;160;87;1.8;80.5;8.7
24/03/2018;171;74;3.3;63.5;12.1
25/03/2018;157;86;4.2;59.0;13.8
26/03/2018;158;55;4.1;69.5;10.9
27/03/2018;105;54;2.4;75.2;23.3
28/03/2018;112;42;2.1;61.6;18.2
29/03/2018;118;61;2.2;92.8;24.1
30/03/2018;119;58;6.5;64.2;16.6
31/03/2018;145;31;6.7;83.1;27.8
01/04/2018;96;23;5.7;93.8;33.3
02/04/2018;71;73;2.7;80.3;34.3
03/04/2018;135;64;7.5;64.8;18.3
04/04/2018;117;86;13.2;61.3;20.9
05/04/2018;115;135;13.7;61.7;17.4
06/04/2018;96;70;9.0;55.3;25.4
07/04/2018;99;77;8.8;50.2;23.5
08/04/2018;137;146;15.4;55.3;31.5
09/04/2018;103;135;18.5;51.5;29.5
10/04/2018;103;59;18.8;50.1;18.5
11/04/2018;89;49;14.9;68.8;31.5
12/04/2018;98;50;14.8;67.3;32.2
13/04/2018;97;50;16.5;65.3;37.2
14/04/2018;84;35;15.0;72.3;15.3
15/04/2018;80;62;16.3;62.9;21.6
16/04/2018;100;44;18.5;62.4;14.2
17/04/2018;88;54;13.6;82.8;23.8
18/04/2018;82;56;12.9;68.0;22.2
19/04/2018;74;61;15.1;59.3;33.3
20/04/2018;70;64;14.2;55.5;12.2
21/04/2018;74;42;16.6;49.8;28.6
22/04/2018;54;47;12.9;53.0;18
23/04/2018;66;47;14.4;58.8;15
24/04/2018;88;44;14.6;71.0;22.5
25/04/2018;77;35;14.8;71.6;23.5
26/04/2018;58;32;10.7;70.7;21.6
27/04/2018;78;57;9.7;71.0;15.6
28/04/2018;83;46;14.8;60.2;19.2
29/04/2018;86;39;18.6;65.7;17.5
30/04/2018;71;45;21.6;62.1;27.2
01/05/2018;73;38;19.5;63.5;16.4
02/05/2018;57;48;16.7;61.6;20.9
03/05/2018;67;59;22.1;55.9;22.2
04/05/2018;72;47;17.2;56.5;35.1
05/05/2018;52;29;14.3;45.2;27.7
06/05/2018;43;40;15.8;48.8;25.3
07/05/2018;49;41;18.0;44.0;22.9
08/05/2018;51;46;20.3;42.7;26.9
09/05/2018;64;43;21.1;49.3;22.5
10/05/2018;67;45;21.3;53.8;24.6
11/05/2018;69;38;21.1;56.9;22.2
12/05/2018;52;40;19.9;39.8;22
13/05/2018;56;38;20.0;40.5;25.4
14/05/2018;61;29;16.5;49.6;28.5
15/05/2018;67;33;15.5;69.7;21.7
16/05/2018;62;19;16.0;85.6;24
17/05/2018;57;39;15.3;88.7;17.1
18/05/2018;71;43;15.8;80.4;28.3
19/05/2018;63;21;14.8;70.8;24.1
20/05/2018;39;23;16.9;46.9;21.2
21/05/2018;42;27;17.1;46.1;23.3
22/05/2018;55;36;16.8;65.5;21.9
23/05/2018;68;29;18.7;62.8;17.5
24/05/2018;52;35;19.9;53.9;25.3
25/05/2018;64;34;19.4;58.5;19.6
26/05/2018;87;27;17.6;86.9;19.2
27/05/2018;64;34;21.3;67.1;17.4
28/05/2018;55;32;22.7;52.6;19.6
29/05/2018;48;41;22.5;48.1;28
30/05/2018;58;34;23.1;51.0;18.3
31/05/2018;62;37;24.7;52.9;11.6
01/06/2018;62;30;24.6;49.0;23.5
02/06/2018;75;42;21.4;72.5;15.9
03/06/2018;84;48;21.0;74.4;12.7
04/06/2018;87;42;22.2;66.8;13.7
05/06/2018;67;20;20.0;64.4;26.7
06/06/2018;27;26;13.6;40.6;23.8
07/06/2018;36;39;17.1;39.4;17.5
08/06/2018;49;36;21.7;39.8;13
09/06/2018;45;32;24.3;37.7;16.6
10/06/2018;53;48;25.5;41.9;16.4
11/06/2018;86;45;22.2;67.7;19.3
12/06/2018;79;33;20.0;68.6;19.3
13/06/2018;55;36;18.6;62.6;13.2
14/06/2018;57;36;19.9;59.3;25.3
15/06/2018;54;32;21.5;55.8;20.9
16/06/2018;56;39;22.9;52.2;17.2
17/06/2018;62;46;23.5;49.4;11.1
18/06/2018;77;52;22.4;62.4;13.5
19/06/2018;69;50;22.5;58.8;18.8
20/06/2018;65;59;22.6;56.5;17.5
21/06/2018;65;35;23.3;58.3;25.3
22/06/2018;41;35;15.1;54.5;28
23/06/2018;55;16;13.6;68.7;19.5
24/06/2018;47;18;13.0;83.9;18
25/06/2018;54;26;12.8;88.8;15.9
26/06/2018;68;22;14.6;84.7;11.6
27/06/2018;54;29;20.2;65.2;22.5
28/06/2018;58;41;22.8;55.0;36.9
29/06/2018;62;25;23.6;52.3;31.1
30/06/2018;35;24;15.3;59.6;41.5
01/07/2018;36;20;14.5;59.8;33.6
02/07/2018;41;32;13.4;80.2;27.7
03/07/2018;45;39;18.5;55.7;20.4
04/07/2018;54;40;20.9;53.2;18
05/07/2018;53;32;24.9;41.7;18.5
06/07/2018;52;37;22.4;54.9;23.3
07/07/2018;60;24;22.1;55.8;21.9
08/07/2018;50;24;22.2;59.5;24.6
09/07/2018;42;21;21.8;45.6;12.4
10/07/2018;44;28;23.4;46.2;18.3
11/07/2018;63;31;21.3;64.4;15.1
12/07/2018;74;31;19.4;77.5;11.1
13/07/2018;62;19;18.8;76.7;15.8
14/07/2018;60;19;18.4;92.9;24.8
15/07/2018;60;23;18.0;88.5;21.9
16/07/2018;63;16;19.0;89.0;19.6
17/07/2018;50;23;21.3;82.7;20.1
18/07/2018;64;39;23.0;82.7;20.6
19/07/2018;80;43;21.7;85.8;24.1
20/07/2018;80;42;22.2;77.3;21.4
21/07/2018;67;37;22.4;65.7;12.6
22/07/2018;71;37;23.7;59.0;11.3
23/07/2018;60;45;24.7;55.6;28.6
24/07/2018;64;33;23.9;55.1;27.4
25/07/2018;62;33;24.4;63.2;19.6
26/07/2018;61;31;24.1;69.2;17.2
27/07/2018;60;31;25.1;65.4;18.5
28/07/2018;69;33;25.6;68.5;14
29/07/2018;70;29;24.6;75.6;13.2
30/07/2018;63;38;25.2;71.1;14
31/07/2018;76;32;25.1;72.4;14.3
01/08/2018;69;32;26.2;66.8;12.7
02/08/2018;60;58;27.0;60.0;14.6
03/08/2018;77;48;24.8;72.5;12.2
04/08/2018;74;23;25.3;65.2;11.3
05/08/2018;47;33;22.7;67.8;19.6
06/08/2018;48;40;19.9;68.3;19
07/08/2018;57;29;21.8;61.9;8.5
08/08/2018;50;32;24.2;53.7;24.1
09/08/2018;57;40;26.1;53.2;33.8
10/08/2018;68;18;25.7;58.2;30.1
11/08/2018;55;18;19.1;83.2;13.5
12/08/2018;38;30;18.0;64.8;15.8
13/08/2018;59;37;21.9;63.8;15.8
14/08/2018;66;24;21.4;74.8;15.3
15/08/2018;57;21;20.0;76.9;17.4
16/08/2018;45;23;20.9;68.6;10.9
17/08/2018;49;36;21.9;67.2;17.9
18/08/2018;67;39;22.2;69.7;8.4
19/08/2018;76;44;22.3;71.7;7.2
20/08/2018;74;36;23.8;66.4;16.9
21/08/2018;51;23;19.6;62.9;21.6
22/08/2018;41;33;19.4;55.7;14.2
23/08/2018;62;45;21.3;59.3;21.4
24/08/2018;85;25;23.2;70.5;21.9
25/08/2018;66;17;18.3;90.1;7.9
26/08/2018;53;23;13.8;90.0;13.2
27/08/2018;52;44;15.1;72.1;7.2
28/08/2018;71;26;12.5;91.0;4
29/08/2018;57;28;17.1;70.3;8.5
30/08/2018;68;37;19.0;67.2;20.9
31/08/2018;74;25;18.4;77.4;16.1
01/09/2018;62;23;18.8;68.8;14
02/09/2018;61;28;21.9;60.9;25.3
03/09/2018;63;44;21.4;65.2;23
04/09/2018;78;39;21.4;62.3;15.4
05/09/2018;80;42;18.9;77.5;16.6
06/09/2018;79;53;19.0;72.5;12.6
07/09/2018;90;46;18.9;70.4;11.4
08/09/2018;93;30;18.1;79.5;17.9
09/09/2018;75;31;18.0;82.8;9.5
10/09/2018;62;42;18.7;67.0;9.8
11/09/2018;70;40;17.6;69.3;11.9
12/09/2018;60;23;21.5;59.8;14.6
13/09/2018;45;18;19.3;67.6;21.4
14/09/2018;51;33;16.3;81.4;13.5
15/09/2018;78;31;15.7;81.3;10.6
16/09/2018;62;34;14.2;73.1;13.4
17/09/2018;62;44;15.8;70.7;12.7
18/09/2018;89;45;18.3;74.2;16.3
19/09/2018;80;52;20.2;67.3;14.5
20/09/2018;93;47;20.4;70.1;12.4
21/09/2018;94;32;19.9;66.0;21.4
22/09/2018;50;20;14.2;68.3;22.9
23/09/2018;55;9;11.0;80.3;15.3
24/09/2018;29;24;9.4;84.1;36.7
25/09/2018;43;26;7.6;71.4;26.7
26/09/2018;59;29;8.5;71.4;18
27/09/2018;61;31;14.6;67.5;25.4
28/09/2018;62;35;13.7;75.2;19.5
29/09/2018;61;24;8.1;71.8;12.4
30/09/2018;59;46;8.0;65.1;19
01/10/2018;86;41;9.0;72.8;15
02/10/2018;78;18;9.7;72.6;21.6
03/10/2018;38;30;9.5;75.7;32.8
04/10/2018;63;41;8.4;77.0;22
05/10/2018;84;39;10.8;78.0;12.1
06/10/2018;91;39;11.4;74.7;20.1
07/10/2018;77;35;14.3;74.3;20.6
08/10/2018;63;51;8.6;79.7;9.3
09/10/2018;105;55;8.8;82.5;10.3
10/10/2018;129;48;11.5;78.3;10.1
11/10/2018;118;48;13.4;71.9;20.9
12/10/2018;109;50;14.4;68.1;19.8
13/10/2018;121;44;14.0;73.9;15.4
14/10/2018;107;45;13.5;71.9;22.7
15/10/2018;86;56;12.0;66.8;17.7
16/10/2018;118;68;11.5;71.3;11.7
17/10/2018;136;74;12.1;71.5;12.6
18/10/2018;151;62;12.8;72.0;7.7
19/10/2018;143;36;10.4;91.1;14.6
20/10/2018;98;23;8.8;95.1;7.1
21/10/2018;66;36;8.0;83.1;10.3
22/10/2018;90;13;6.4;90.9;11.7
23/10/2018;47;6;6.6;90.2;28.8
24/10/2018;16;9;6.3;74.4;44.9
25/10/2018;37;19;6.5;86.4;27.4
26/10/2018;50;31;8.1;79.3;20
27/10/2018;77;17;9.1;75.8;18.8
28/10/2018;54;20;5.7;85.9;20.1
29/10/2018;62;25;7.1;95.4;27.7
30/10/2018;61;36;16.6;74.9;35.4
31/10/2018;67;38;12.3;70.7;14.5
01/11/2018;94;51;11.5;81.4;26.6
02/11/2018;101;26;14.2;81.5;13.5
03/11/2018;80;21;9.7;91.7;18.8
04/11/2018;69;39;10.5;93.1;23.7
05/11/2018;106;42;11.4;92.5;24.1
06/11/2018;109;47;10.8;83.1;19.5
07/11/2018;124;61;10.6;84.9;27
08/11/2018;142;67;8.4;91.0;11.3
09/11/2018;159;65;7.2;98.4;11.3
10/11/2018;158;54;7.2;98.8;19.3
11/11/2018;146;56;5.9;95.2;23.7
12/11/2018;150;50;7.7;89.1;19.2
13/11/2018;133;24;9.4;88.5;21.4
14/11/2018;74;22;8.7;90.9;21.7
15/11/2018;62;25;8.0;81.4;16.7
16/11/2018;73;46;3.8;76.2;25.3
17/11/2018;117;57;0.8;72.5;16.4
18/11/2018;150;13;-1.6;94.5;11.4
19/11/2018;52;18;2.3;85.3;34
20/11/2018;60;23;1.0;74.0;36.5
21/11/2018;73;29;0.2;74.6;33.5
22/11/2018;84;40;-0.5;81.7;18.8
23/11/2018;111;52;-2.5;95.9;20
24/11/2018;144;60;0.6;97.5;17.4
25/11/2018;158;25;2.7;96.1;7.6
26/11/2018;78;58;0.9;83.2;26.9
27/11/2018;128;42;-1.6;87.9;12.4
28/11/2018;108;24;-1.5;83.4;15.9
29/11/2018;68;27;-3.5;72.6;42.2
30/11/2018;74;54;-5.3;61.9;39.4
01/12/2018;129;61;-8.0;73.7;17.4
02/12/2018;150;36;-0.1;85.8;21.1
03/12/2018;103;32;4.6;93.7;18.7
04/12/2018;94;33;5.5;93.7;18.7
05/12/2018;87;49;0.6;90.3;19
06/12/2018;131;35;-1.5;96.1;19.8
07/12/2018;101;24;4.3;95.1;19
08/12/2018;70;16;6.4;85.8;22.7
09/12/2018;58;17;5.2;87.9;24.3
10/12/2018;55;39;4.1;88.8;24.1
11/12/2018;91;36;2.3;84.5;13.2
12/12/2018;101;21;1.2;89.1;19.6
13/12/2018;66;27;0.6;83.6;20.8
14/12/2018;82;25;0.3;85.3;18.2
15/12/2018;78;26;0.7;82.9;24.5
16/12/2018;81;57;-1.0;90.3;26.4
17/12/2018;137;78;-2.6;88.6;10.6
18/12/2018;172;52;-1.7;89.6;8.5
19/12/2018;138;46;-2.7;86.3;32
20/12/2018;119;53;-2.6;87.5;24.6
21/12/2018;138;16;1.0;93.4;18.5
22/12/2018;59;19;4.6;88.2;30.7
23/12/2018;61;13;2.8;83.0;24.9
24/12/2018;53;21;0.7;86.2;33
25/12/2018;65;14;0.5;91.0;20.9
26/12/2018;53;21;4.1;87.4;29.6
27/12/2018;67;18;4.8;93.3;23.8
28/12/2018;57;25;5.4;91.6;27.8
29/12/2018;72;22;4.1;90.0;15
30/12/2018;73;21;4.7;94.0;14.8
31/12/2018;61;18;3.5;82.9;30.6
01/01/2019;62;8;3.8;87.4;27
02/01/2019;32;38;1.3;85.3;47.5
03/01/2019;50;33;-1.7;66.3;44.9
04/01/2019;81;15;-2.6;84.1;19.3
05/01/2019;52;21;0.6;89.0;31.1
06/01/2019;52;53;-4.1;77.8;27.8
07/01/2019;134;52;-6.8;85.5;11.7
08/01/2019;138;46;-2.6;88.8;27
09/01/2019;131;48;-2.9;89.2;25.1
10/01/2019;138;49;-6.5;84.5;13.7
11/01/2019;135;29;-6.9;88.5;16.9
12/01/2019;83;22;0.8;90.3;21.1
13/01/2019;70;11;2.5;93.4;19.8
14/01/2019;39;21;1.3;82.7;34.6
15/01/2019;56;23;0.1;82.9;29.8
16/01/2019;68;32;3.5;90.1;21.4
17/01/2019;85;24;4.0;79.4;21.4
18/01/2019;59;48;1.4;79.8;27.5
19/01/2019;111;64;-2.7;84.5;11.7
20/01/2019;150;53;-4.1;87.6;9.7
21/01/2019;138;53;-2.7;89.2;15.9
22/01/2019;132;42;-3.8;82.8;17.9
23/01/2019;109;27;-4.3;77.3;27.4
24/01/2019;75;31;-4.9;74.7;30.4
25/01/2019;89;61;-6.1;86.5;20.4
26/01/2019;157;61;-5.2;87.5;13.8
27/01/2019;154;46;-3.0;88.8;28.3
28/01/2019;125;42;0.0;85.2;21.6
29/01/2019;117;44;1.1;88.9;14.5
30/01/2019;125;39;-0.6;92.0;17.2
31/01/2019;111;41;0.2;98.7;16.9
01/02/2019;123;22;0.1;90.7;23.7
02/02/2019;71;49;5.9;81.6;33
03/02/2019;138;20;3.6;95.1;13.7
04/02/2019;65;39;0.6;92.7;19.8
05/02/2019;100;49;-0.2;83.4;15.6
06/02/2019;118;50;1.0;86.3;15.9
07/02/2019;113;57;0.8;73.7;20
08/02/2019;132;49;2.8;78.8;14.5
09/02/2019;124;35;2.6;80.3;23.5
10/02/2019;89;27;5.4;71.3;26.1
11/02/2019;75;26;4.5;85.1;25.7
12/02/2019;50;26;1.2;80.2;31.4
13/02/2019;80;36;1.6;93.0;24.9
14/02/2019;76;56;5.3;84.1;20.6
15/02/2019;135;52;5.6;90.3;15.9
16/02/2019;117;54;2.8;90.9;11.6
17/02/2019;110;66;5.9;75.9;17.9
18/02/2019;138;70;6.2;83.1;10.8
19/02/2019;140;41;6.0;73.9;17.5
20/02/2019;68;30;6.2;74.5;33.2
21/02/2019;85;30;4.8;92.8;18.2
22/02/2019;46;50;-2.4;63.5;36.9
23/02/2019;74;57;-2.6;59.1;14.2
24/02/2019;114;63;1.2;60.9;19.3
25/02/2019;136;61;2.8;78.7;22
26/02/2019;90;49;4.9;75.2;32.2
27/02/2019;84;66;5.0;74.5;23.8
28/02/2019;119;58;7.3;64.9;33.5
01/03/2019;94;58;1.6;75.3;27.2
02/03/2019;86;48;-1.2;60.5;17.4
03/03/2019;120;31;4.2;82.8;19.6
04/03/2019;61;30;12.0;65.2;25.9
05/03/2019;54;33;6.9;64.7;35.4
06/03/2019;80;45;4.3;82.6;21.2
07/03/2019;87;38;8.2;62.0;25.7
08/03/2019;58;22;10.2;59.5;29.9
09/03/2019;59;19;5.6;79.7;28
10/03/2019;47;28;5.4;73.7;35.9
11/03/2019;60;56;3.2;79.7;28.6
12/03/2019;88;55;1.8;73.3;23.2
13/03/2019;100;39;3.0;73.8;22.7
14/03/2019;82;19;5.0;75.1;25.7
15/03/2019;64;19;5.1;87.4;24.3
16/03/2019;45;32;5.5;78.0;34.1
17/03/2019;68;32;9.8;69.2;20.9
18/03/2019;55;43;6.9;68.4;21.4
19/03/2019;79;59;4.4;73.5;19.2
20/03/2019;98;56;5.0;67.8;16.9
21/03/2019;95;48;9.7;65.3;22.4
22/03/2019;84;52;10.5;68.8;22.4
23/03/2019;97;52;8.7;56.9;17.7
24/03/2019;75;56;7.5;62.8;23
25/03/2019;93;28;4.8;70.9;16.4
26/03/2019;66;36;1.7;85.3;29.3
27/03/2019;59;48;4.0;67.4;23
28/03/2019;84;47;8.2;72.9;18.5
29/03/2019;89;54;7.5;81.5;19.8
30/03/2019;103;57;9.9;73.1;14.8
31/03/2019;111;25;9.3;67.8;23.8
01/04/2019;47;32;4.9;52.3;22.2
02/04/2019;54;40;6.9;35.2;44.3
03/04/2019;71;47;9.6;30.3;49.9
04/04/2019;91;49;11.0;38.0;39.1
05/04/2019;93;49;12.7;42.1;32.7
06/04/2019;89;62;12.4;47.1;31.1
07/04/2019;111;78;11.1;58.5;12.1
08/04/2019;133;42;11.5;61.9;10.5
09/04/2019;76;39;7.0;62.6;30.6
10/04/2019;69;40;5.0;51.5;25.7
11/04/2019;75;36;5.1;54.9;27
12/04/2019;72;34;4.8;51.4;26.1
13/04/2019;78;25;4.8;65.5;24.1
14/04/2019;58;31;8.7;37.6;29.9
15/04/2019;60;39;8.1;38.3;22.4
16/04/2019;75;35;6.8;56.7;20.6
17/04/2019;72;49;12.2;45.5;16.9
18/04/2019;82;47;13.9;41.5;12.6
19/04/2019;70;52;15.2;35.7;16.6
20/04/2019;71;47;13.8;39.8;19.8
21/04/2019;77;25;11.7;58.6;24.9
22/04/2019;82;29;11.4;68.3;33.5
23/04/2019;69;41;14.5;34.5;52.8
24/04/2019;47;33;15.3;46.4;45.1
25/04/2019;54;45;19.1;53.5;28
26/04/2019;72;66;20.3;56.0;18.3
27/04/2019;78;68;14.6;75.5;19.2
28/04/2019;58;32;11.3;86.7;22.2
29/04/2019;64;44;15.3;77.5;19.8
30/04/2019;62;33;15.0;60.7;18.3
01/05/2019;60;46;13.0;51.3;20.1
02/05/2019;76;26;11.5;64.6;27.4
03/05/2019;56;34;9.7;58.8;21.7
04/05/2019;65;14;9.4;53.3;16.1
05/05/2019;37;30;8.2;62.2;32.7
06/05/2019;47;48;9.5;39.5;28.3
07/05/2019;68;33;9.5;51.7;23
08/05/2019;65;32;9.6;49.3;20.8
09/05/2019;58;38;12.4;51.8;35.1
10/05/2019;90;45;11.9;78.4;10.9
11/05/2019;83;25;14.1;69.7;15.1
12/05/2019;69;19;14.7;68.5;20.8
13/05/2019;47;17;8.4;82.2;26.9
14/05/2019;55;23;7.3;89.5;24.1
15/05/2019;69;29;10.4;93.5;26.1
16/05/2019;76;27;15.0;88.7;16.9
17/05/2019;65;25;16.6;85.3;14.8
18/05/2019;68;20;17.8;81.0;16.3
19/05/2019;59;27;18.7;80.0;23
20/05/2019;64;26;19.9;79.8;28.3
21/05/2019;52;14;18.0;77.1;26.6
22/05/2019;39;37;15.3;80.8;26.4
23/05/2019;74;43;16.1;87.3;17.5
24/05/2019;68;41;16.0;73.1;19.5
25/05/2019;65;30;17.4;62.5;18.8
26/05/2019;59;32;15.4;65.4;18
27/05/2019;63;25;19.5;64.7;23
28/05/2019;66;28;17.9;86.3;16.6
29/05/2019;53;29;13.6;78.3;29.3
30/05/2019;47;43;13.7;53.9;17.5
31/05/2019;63;34;17.1;57.3;11.3
01/06/2019;60;30;19.2;69.1;12.6
02/06/2019;67;21;20.2;70.7;12.2
03/06/2019;42;27;21.8;53.7;14.8
04/06/2019;57;28;23.1;56.5;20.4
05/06/2019;60;27;24.0;58.2;27.7
06/06/2019;62;31;23.2;61.6;31.9
07/06/2019;60;40;22.7;66.3;18
08/06/2019;75;20;21.6;75.3;15
09/06/2019;38;25;21.0;50.6;14.6
10/06/2019;55;33;23.5;54.3;29.9
11/06/2019;69;36;27.0;58.4;29.3
12/06/2019;65;41;27.3;54.2;27.8
13/06/2019;69;27;26.9;57.9;23.8
14/06/2019;61;31;24.0;69.5;19.2
15/06/2019;69;35;26.6;61.8;22.7
16/06/2019;65;26;23.6;68.7;26.6
17/06/2019;50;29;19.9;65.6;26.1
18/06/2019;53;31;22.3;51.1;17.4
19/06/2019;56;33;22.9;66.8;23.2
20/06/2019;59;28;23.4;73.0;15.8
21/06/2019;61;16;22.6;75.8;13.8
22/06/2019;40;13;21.8;55.8;27
23/06/2019;29;22;21.6;41.5;22.9
24/06/2019;40;28;23.9;44.4;21.4
25/06/2019;50;40;25.2;47.5;21.7
26/06/2019;65;44;28.4;55.0;18.8
27/06/2019;61;30;22.3;61.1;38.1
28/06/2019;45;34;19.2;54.8;32.7
29/06/2019;42;31;20.4;47.1;22.9
30/06/2019;49;38;26.1;41.8;15.1
01/07/2019;55;36;25.6;46.2;20.1
02/07/2019;47;30;20.5;53.2;27.4
03/07/2019;42;32;16.5;49.7;24.9
04/07/2019;43;25;16.4;50.5;19.8
05/07/2019;43;21;16.4;60.9;23.8
06/07/2019;46;20;17.0;70.3;14.8
07/07/2019;49;23;17.5;66.0;23.7
08/07/2019;36;17;15.4;63.1;26.9
09/07/2019;40;21;14.6;76.3;27
10/07/2019;48;25;15.3;76.2;27.4
11/07/2019;47;28;16.0;68.7;18.7
12/07/2019;51;33;19.1;55.0;12.1
13/07/2019;60;17;17.6;69.8;13.5
14/07/2019;37;26;18.7;56.5;22.7
15/07/2019;40;30;18.9;46.7;14
16/07/2019;59;24;15.1;70.9;19.8
17/07/2019;48;29;16.3;75.3;23.8
18/07/2019;49;37;17.3;62.6;12.9
19/07/2019;56;28;21.0;53.2;9.8
20/07/2019;65;25;22.5;63.3;14
21/07/2019;59;27;21.8;72.1;14.6
22/07/2019;46;35;21.2;61.5;22
23/07/2019;55;30;19.9;60.4;14
24/07/2019;53;31;20.8;71.9;10
25/07/2019;50;20;23.5;60.0;14.8
26/07/2019;44;19;22.3;57.8;24.3
27/07/2019;49;23;22.2;63.0;26.7
28/07/2019;62;26;25.1;64.6;24.9
29/07/2019;66;36;24.9;70.3;18.2
30/07/2019;74;24;23.0;80.2;14.6
31/07/2019;48;32;21.8;58.9;19.3
01/08/2019;50;35;20.2;52.4;14.5
02/08/2019;60;31;17.1;74.4;16.1
03/08/2019;56;24;18.4;62.1;16.3
04/08/2019;44;34;19.0;59.6;22.5
05/08/2019;54;35;18.9;63.5;10.8
06/08/2019;60;34;23.0;57.0;12.1
07/08/2019;60;25;22.8;65.2;12.1
08/08/2019;56;24;21.0;70.4;22.5
09/08/2019;49;23;21.1;59.1;19.8
10/08/2019;50;22;21.0;62.9;21.2
11/08/2019;45;29;23.3;57.0;17.2
12/08/2019;58;33;23.2;61.5;17.7
13/08/2019;64;30;20.8;69.4;17.1
14/08/2019;53;21;16.6;69.8;14.5
15/08/2019;47;29;17.5;55.2;9.3
16/08/2019;57;34;18.7;58.5;14.6
17/08/2019;66;22;20.1;65.2;10.8
18/08/2019;50;24;22.5;59.3;19
19/08/2019;47;24;23.7;65.6;18.8
20/08/2019;52;21;22.2;62.3;12.9
21/08/2019;50;19;18.0;76.8;27.7
22/08/2019;51;21;19.0;63.5;14.2
23/08/2019;47;24;20.4;56.1;16.1
24/08/2019;52;19;21.2;54.4;14.8
25/08/2019;48;26;22.3;52.3;23.3
26/08/2019;53;33;24.7;48.7;26.2
27/08/2019;61;33;25.6;48.8;24.9
28/08/2019;66;46;25.8;52.4;25.7
29/08/2019;82;31;25.8;61.4;14
30/08/2019;70;18;25.1;63.4;13.8
31/08/2019;53;22;24.4;55.9;19.5
01/09/2019;59;31;23.8;56.9;24
02/09/2019;62;21;20.2;74.7;28
03/09/2019;46;35;16.5;74.1;15.8
04/09/2019;57;30;17.7;62.7;11.7
05/09/2019;56;36;18.6;63.3;20.8
06/09/2019;51;32;16.3;59.6;15.4
07/09/2019;58;24;17.3;63.5;18.5
08/09/2019;71;30;15.3;93.1;10.1
09/09/2019;66;16;19.0;76.3;22
10/09/2019;44;30;15.0;79.1;25.6
11/09/2019;60;34;16.1;73.0;12.1
12/09/2019;68;31;17.4;71.8;13.5
13/09/2019;71;29;17.4;76.3;19.2
14/09/2019;55;24;13.7;68.8;21.1
15/09/2019;27;5;14.5;66.4;16.9
16/09/2019;16;18;15.5;55.8;26.1
17/09/2019;37;10;11.0;75.1;25.4
18/09/2019;25;15;9.4;78.8;32.3
19/09/2019;45;24;8.5;84.7;17.4
20/09/2019;53;26;8.6;78.8;14.2
21/09/2019;64;39;11.9;84.2;16.7
22/09/2019;84;25;12.8;78.7;7.4
23/09/2019;66;34;11.6;83.9;22.7
24/09/2019;82;47;9.1;86.8;15
25/09/2019;106;46;11.8;83.8;16.4
26/09/2019;120;35;13.8;93.6;7.7
27/09/2019;94;24;15.0;89.1;15.6
28/09/2019;75;13;15.5;85.6;17.2
29/09/2019;46;9;14.8;79.7;17.2
30/09/2019;36;16;14.1;89.1;30.9
01/10/2019;44;17;14.4;73.4;26.2
02/10/2019;57;23;14.3;84.4;19.5
03/10/2019;66;28;9.4;84.5;14.5
04/10/2019;72;20;8.8;84.5;10.1
05/10/2019;64;17;9.3;73.5;26.1
06/10/2019;45;34;5.6;68.3;22.9
07/10/2019;78;32;5.4;78.3;14.3
08/10/2019;85;23;6.0;80.8;22.4
09/10/2019;70;16;12.2;85.0;17.1
10/10/2019;56;22;10.7;87.7;17.7
11/10/2019;58;24;11.6;75.7;20.8
12/10/2019;55;25;15.8;66.3;21.7
13/10/2019;64;39;17.1;71.4;16.1
14/10/2019;85;40;17.1;76.2;13.2
15/10/2019;102;33;16.1;77.8;23.5
16/10/2019;84;23;14.0;82.8;22.4
17/10/2019;62;34;12.2;78.2;14.5
18/10/2019;83;44;12.9;78.4;15.8
19/10/2019;113;40;13.2;85.4;9.8
20/10/2019;108;41;14.2;81.0;14.3
21/10/2019;96;59;15.2;80.9;10.5
22/10/2019;146;39;13.9;89.6;8.5
23/10/2019;115;43;11.2;99.6;10.3
24/10/2019;124;55;12.4;96.3;21.2
25/10/2019;153;50;10.2;98.1;11.1
26/10/2019;127;29;12.3;86.5;14.8
27/10/2019;68;23;12.6;79.3;21.6
28/10/2019;68;23;8.1;82.9;21.9
29/10/2019;67;33;6.3;86.4;16.4
30/10/2019;76;49;3.0;81.7;13.7
31/10/2019;113;42;2.5;79.1;8.5
01/11/2019;112;27;1.6;76.6;17.5
02/11/2019;77;20;6.2;74.3;28.2
03/11/2019;67;23;11.5;78.1;25.4
04/11/2019;75;22;13.2;86.5;21.9
05/11/2019;64;29;10.6;80.3;15.3
06/11/2019;79;41;8.3;81.7;15.1
07/11/2019;110;23;6.0;90.2;10.5
08/11/2019;78;23;6.1;94.5;26.4
09/11/2019;77;28;10.0;88.8;17.7
10/11/2019;84;29;6.3;90.6;14.6
11/11/2019;90;23;4.3;91.0;13.7
12/11/2019;75;28;7.0;86.7;27.4
13/11/2019;88;21;10.8;90.9;20.8
14/11/2019;71;28;5.4;87.5;16.6
15/11/2019;88;30;7.7;93.6;27.5
16/11/2019;90;30;10.8;87.5;28.2
17/11/2019;91;30;9.8;88.4;23.7
18/11/2019;90;32;9.2;90.8;31.2
19/11/2019;87;23;7.7;86.0;18.3
20/11/2019;77;15;7.8;92.2;32.8
21/11/2019;58;19;7.3;86.4;54.2
22/11/2019;67;21;2.7;80.5;51.7
23/11/2019;71;26;-0.1;82.2;41.7
24/11/2019;83;24;0.8;87.4;36.7
25/11/2019;78;27;1.3;89.3;30.1
26/11/2019;85;29;1.0;98.3;27.2
27/11/2019;92;36;3.3;95.4;26.7
28/11/2019;101;19;6.9;87.7;19.8
29/11/2019;57;16;7.2;75.8;27
30/11/2019;49;33;1.4;82.7;24.6
01/12/2019;95;36;0.3;92.2;11.7
02/12/2019;93;24;1.6;82.7;15.9
03/12/2019;77;29;0.3;90.0;17.2
04/12/2019;91;46;2.4;88.1;17.5
05/12/2019;106;44;0.6;70.6;14.8
06/12/2019;108;24;-0.4;79.8;19.2
07/12/2019;75;15;3.9;82.2;25.9
08/12/2019;55;23;7.2;80.0;25.7
09/12/2019;72;19;7.0;86.5;18.5
10/12/2019;65;35;2.6;86.8;21.6
11/12/2019;101;38;-2.1;90.0;18.5
12/12/2019;104;24;0.2;86.0;21.1
13/12/2019;80;22;2.7;90.5;37.8
14/12/2019;74;14;3.4;91.8;28.8
15/12/2019;50;28;5.7;80.2;22
16/12/2019;80;42;4.9;86.1;18.5
17/12/2019;117;35;4.1;92.6;14.2
18/12/2019;94;39;7.8;84.3;17.2
19/12/2019;114;33;2.8;95.6;16.7
20/12/2019;96;33;6.3;86.7;28
21/12/2019;89;20;7.1;87.0;15.8
22/12/2019;70;19;7.1;98.0;15.6
23/12/2019;68;16;6.0;99.0;18.5
24/12/2019;62;23;5.3;94.0;25.7
25/12/2019;76;17;4.3;93.2;12.4
26/12/2019;64;14;3.8;92.1;21.7
27/12/2019;55;19;2.1;89.8;27.2
28/12/2019;47;29;0.2;76.3;38.5
29/12/2019;65;26;-1.5;75.8;18.5
30/12/2019;52;18;2.5;58.3;19.8
31/12/2019;66;21;5.0;68.1;32.7
01/01/2020;71;37;1.5;87.0;25.3
02/01/2020;95;44;0.8;74.8;18.8
03/01/2020;114;13;0.6;80.3;16.4
04/01/2020;49;15;3.8;86.1;31.2
05/01/2020;43;31;0.5;80.1;27.4
06/01/2020;95;48;-0.1;91.8;11.7
07/01/2020;112;39;1.1;80.8;11.7
08/01/2020;108;27;3.4;85.9;17.1
09/01/2020;87;29;6.0;98.1;15.3
10/01/2020;92;15;7.3;93.5;20.4
11/01/2020;54;25;5.7;83.8;28
12/01/2020;76;25;3.7;78.4;19
13/01/2020;81;44;4.8;85.0;16.9
14/01/2020;119;44;3.3;84.1;20.3
15/01/2020;103;50;4.8;66.0;18.8
16/01/2020;112;45;3.7;82.0;14
17/01/2020;131;46;-0.5;95.0;24.6
18/01/2020;129;42;2.6;92.9;13.2
19/01/2020;106;36;2.8;89.5;12.9
20/01/2020;92;33;2.0;84.9;17.4
21/01/2020;80;18;2.4;76.5;29.9
22/01/2020;62;22;2.9;85.6;33.8
23/01/2020;73;45;0.8;88.8;22
24/01/2020;114;33;1.2;78.3;19.3
25/01/2020;101;38;0.6;93.7;19.6
26/01/2020;112;56;-0.1;95.1;12.1
27/01/2020;150;42;0.8;89.1;11.4
28/01/2020;119;15;1.4;92.4;21.7
29/01/2020;57;15;2.2;87.0;23.3
30/01/2020;58;13;3.4;89.1;24.5
31/01/2020;53;17;6.4;89.6;29.8
01/02/2020;63;12;9.4;87.8;18.8
02/02/2020;48;24;7.2;82.5;29.5
03/02/2020;65;19;3.8;82.5;18.8
04/02/2020;65;25;4.9;90.3;19.8
05/02/2020;59;20;0.6;73.8;30.9
06/02/2020;71;35;2.1;89.5;28.8
07/02/2020;57;56;0.1;71.3;19.8
08/02/2020;109;46;0.4;61.3;9.7
09/02/2020;106;14;2.5;71.2;21.9
10/02/2020;53;11;6.1;74.1;43.3
11/02/2020;45;17;3.9;76.3;31.9
12/02/2020;51;25;3.6;70.5;34
13/02/2020;65;33;2.9;69.9;28.5
14/02/2020;101;35;1.4;89.4;14.8
15/02/2020;107;34;0.8;92.6;18.5
16/02/2020;80;32;6.5;67.1;33.5
17/02/2020;63;17;10.7;55.9;28.5
18/02/2020;58;25;6.4;77.9;23.3
19/02/2020;62;30;4.9;74.2;19.8
20/02/2020;77;22;2.9;85.5;16.3
21/02/2020;71;24;2.6;84.0;24
22/02/2020;66;12;5.3;69.2;28.6
23/02/2020;42;13;5.8;78.0;29.1
24/02/2020;50;19;3.8;86.2;35.2
25/02/2020;65;18;6.5;86.8;20.9
26/02/2020;64;21;5.0;85.0;16.1
27/02/2020;68;33;1.5;83.8;20.3
28/02/2020;88;31;0.9;83.6;13.8
29/02/2020;68;26;4.0;70.4;28
01/03/2020;64;25;7.5;66.7;25.3
02/03/2020;82;25;4.8;92.2;19.6
03/03/2020;75;31;6.5;85.9;20.8
04/03/2020;79;46;5.3;77.4;17.5
05/03/2020;102;30;3.9;70.8;14.3
06/03/2020;89;30;4.1;76.4;33.5
07/03/2020;88;29;5.8;84.5;17.7
08/03/2020;77;39;4.8;84.6;15.8
09/03/2020;97;42;4.1;76.0;18
10/03/2020;103;19;6.8;76.2;17.5
11/03/2020;51;19;8.7;69.9;31.1
12/03/2020;54;26;8.5;72.9;29.8
13/03/2020;54;25;5.5;64.5;25.3
14/03/2020;44;30;1.9;61.1;35.7
15/03/2020;67;42;-0.3;55.5;18.2
16/03/2020;76;74;5.1;43.5;23.8
17/03/2020;119;62;7.2;65.7;10.8
18/03/2020;107;49;10.5;62.8;12.6
19/03/2020;103;39;9.7;71.7;16.4
20/03/2020;64;27;7.9;52.8;12.9
21/03/2020;53;22;3.7;55.5;34.8
22/03/2020;49;26;0.7;45.1;35.2
23/03/2020;64;33;0.7;37.3;26.6
24/03/2020;73;37;1.1;40.0;16.9
25/03/2020;83;43;3.0;36.9;23.8
26/03/2020;96;58;6.5;31.3;31.4
27/03/2020;133;63;9.3;29.9;27
28/03/2020;153;71;9.9;32.8;10.3
29/03/2020;127;58;5.5;62.2;27.2
30/03/2020;116;56;0.1;65.0;28.3
31/03/2020;97;41;0.2;68.0;16.1
01/04/2020;76;42;2.3;51.2;22.2
02/04/2020;89;61;4.5;52.8;18.8
03/04/2020;95;43;6.3;48.3;24.8
04/04/2020;71;37;4.7;54.3;13.7
05/04/2020;92;41;6.3;50.9;10.9
06/04/2020;84;58;10.9;33.8;26.2
07/04/2020;99;42;13.2;36.3;19.3
08/04/2020;66;53;13.1;43.1;10
09/04/2020;84;35;14.0;44.3;26.9
10/04/2020;63;23;9.4;52.7;16.6
11/04/2020;50;27;9.7;32.7;19.3
12/04/2020;60;27;11.5;35.6;20.8
13/04/2020;60;31;8.9;56.5;23.3
14/04/2020;51;40;3.4;50.6;23.5
15/04/2020;72;55;5.1;59.6;24.6
16/04/2020;71;35;11.5;47.4;34.1
17/04/2020;55;31;9.1;45.7;26.9
18/04/2020;51;23;8.0;37.9;13
19/04/2020;49;30;7.2;46.8;25.9
20/04/2020;61;34;9.4;44.3;18.2
21/04/2020;63;37;11.2;38.8;18.5
22/04/2020;67;47;12.6;42.6;16.9
23/04/2020;61;54;12.8;41.2;16.6
24/04/2020;73;41;13.6;45.0;13.7
25/04/2020;65;30;10.6;54.1;32.2
26/04/2020;54;44;8.5;50.5;16.1
27/04/2020;66;52;11.7;45.7;10.5
28/04/2020;73;33;16.0;39.2;16.4
29/04/2020;72;20;12.1;61.6;23.8
30/04/2020;61;23;11.0;71.6;18
01/05/2020;73;24;11.2;84.2;25.6
02/05/2020;63;29;11.9;76.9;13.4
03/05/2020;74;39;10.4;77.9;16.3
04/05/2020;73;27;11.2;67.8;10.6
05/05/2020;71;18;8.0;84.0;17.7
06/05/2020;57;26;9.0;82.8;34.3
07/05/2020;56;39;10.3;62.0;24.6
08/05/2020;73;46;13.4;55.1;14.3
09/05/2020;73;27;14.2;58.1;10.9
10/05/2020;66;29;17.2;56.9;17.2
11/05/2020;68;16;17.3;72.5;24.6
12/05/2020;39;28;6.1;65.7;33.6
13/05/2020;61;27;9.1;55.7;17.4
14/05/2020;65;34;10.1;67.6;15.4
15/05/2020;71;34;10.2;63.1;9.7
16/05/2020;62;28;10.1;57.1;20.6
17/05/2020;58;25;11.8;56.9;19.6
18/05/2020;56;25;13.0;63.4;21.9
19/05/2020;67;23;13.4;81.8;19.8
20/05/2020;53;26;11.2;64.8;19.8
21/05/2020;46;28;10.1;46.0;32
22/05/2020;54;37;10.3;48.8;19.2
23/05/2020;64;20;12.6;57.7;13.5
24/05/2020;53;23;12.9;75.2;25.3
25/05/2020;59;27;12.2;79.8;14.8
26/05/2020;63;34;13.9;73.3;26.6
27/05/2020;63;34;14.8;63.7;20.6
28/05/2020;58;31;15.9;60.1;23
29/05/2020;48;25;15.2;51.5;36.7
30/05/2020;47;24;12.4;67.3;37.7
31/05/2020;49;30;16.4;62.9;39.9
01/06/2020;46;25;16.2;44.4;34.6
02/06/2020;48;24;15.0;57.6;26.7
03/06/2020;53;24;13.1;67.0;14.6
04/06/2020;56;23;15.1;61.9;10.9
05/06/2020;60;20;16.4;78.0;27.2
06/06/2020;49;18;18.2;69.3;19.8
07/06/2020;54;28;20.0;78.4;11.7
08/06/2020;72;26;17.0;87.6;17.7
09/06/2020;68;25;15.3;86.4;20.1
10/06/2020;72;21;18.0;88.7;16.4
11/06/2020;65;24;21.4;79.0;14.8
12/06/2020;62;24;24.5;67.3;21.2
13/06/2020;63;16;23.8;68.9;30.1
14/06/2020;54;27;18.6;65.5;27.2
15/06/2020;56;32;18.4;63.4;10.1
16/06/2020;63;28;19.7;60.8;9.8
17/06/2020;68;28;20.8;72.8;22
18/06/2020;75;22;20.6;85.3;10
19/06/2020;63;25;21.3;79.5;15.4
20/06/2020;71;27;20.4;87.1;11.3
21/06/2020;72;28;20.1;89.8;16.6
22/06/2020;74;18;19.6;93.8;24.5
23/06/2020;50;21;19.0;72.9;33.2
24/06/2020;65;23;18.8;91.3;23.7
25/06/2020;63;23;23.2;70.2;22.4
26/06/2020;60;24;22.8;67.2;32.7
27/06/2020;61;30;21.0;79.7;16.7
28/06/2020;76;25;24.1;74.3;14.5
29/06/2020;61;28;21.0;84.3;20.4
30/06/2020;60;27;19.3;71.6;17.1
01/07/2020;53;22;21.4;61.0;16.1
02/07/2020;53;26;22.3;73.6;16.1
03/07/2020;62;27;21.1;75.8;14
04/07/2020;62;24;20.6;67.3;12.1
05/07/2020;56;23;22.7;64.3;14.6
06/07/2020;52;24;21.3;75.7;15.9
07/07/2020;48;25;16.0;65.2;21.6
08/07/2020;53;28;14.3;72.1;15.8
09/07/2020;62;22;16.7;72.2;13.8
10/07/2020;58;15;21.3;78.5;21.6
11/07/2020;49;19;15.2;89.0;16.9
12/07/2020;47;21;15.5;71.6;17.1
13/07/2020;47;26;15.0;75.4;16.1
14/07/2020;53;28;17.8;70.2;10.6
15/07/2020;60;28;20.0;63.6;9.7
16/07/2020;70;27;16.6;86.8;15.1
17/07/2020;67;25;16.7;83.6;10.1
18/07/2020;67;26;22.0;67.2;16.3
19/07/2020;66;29;22.6;64.3;12.9
20/07/2020;67;24;21.3;74.1;12.9
21/07/2020;54;22;18.1;72.6;20
22/07/2020;44;30;17.1;59.5;18.3
23/07/2020;52;25;15.4;71.7;11.7
24/07/2020;56;26;18.8;64.8;14
25/07/2020;55;20;20.9;63.3;16.3
26/07/2020;48;25;22.1;58.6;12.6
27/07/2020;58;29;22.8;66.2;12.4
28/07/2020;66;24;23.7;67.6;21.1
29/07/2020;57;32;21.3;67.3;17.1
30/07/2020;55;23;19.1;58.2;18.3
31/07/2020;47;26;18.3;61.2;24.6
01/08/2020;56;18;18.8;67.7;20.1
02/08/2020;48;32;20.6;56.0;8.4
03/08/2020;69;24;19.9;73.0;17.4
04/08/2020;73;21;17.6;95.5;20
05/08/2020;52;21;18.4;71.4;14.2
06/08/2020;49;28;22.4;59.9;24.1
07/08/2020;58;28;25.7;57.2;20.6
08/08/2020;60;31;26.5;54.2;14.3
09/08/2020;65;29;24.7;63.3;11.3
10/08/2020;62;35;24.8;60.0;14.5
11/08/2020;63;34;24.5;55.1;21.1
12/08/2020;52;35;21.5;49.3;14.5
13/08/2020;57;30;22.1;51.4;11.6
14/08/2020;56;20;23.1;45.4;18
15/08/2020;48;19;22.9;46.1;23.8
16/08/2020;48;27;21.6;47.5;19
17/08/2020;58;32;22.2;54.6;20.3
18/08/2020;71;35;21.4;76.1;9.2
19/08/2020;66;35;19.9;76.7;16.9
20/08/2020;61;38;21.0;67.4;16.6
21/08/2020;62;30;23.0;55.2;7.4
22/08/2020;69;25;23.2;72.4;17.5
23/08/2020;65;28;19.7;87.4;10.9
24/08/2020;57;25;19.4;70.9;12.6
25/08/2020;57;26;17.9;74.1;14.8
26/08/2020;52;10;18.0;72.1;22.4
27/08/2020;34;16;16.4;84.7;28.8
28/08/2020;51;23;16.7;80.9;17.4
29/08/2020;66;20;17.7;87.7;17.7
30/08/2020;67;16;17.4;94.3;18.8
31/08/2020;51;14;16.7;90.7;17.9
01/09/2020;52;18;14.1;91.3;21.4
02/09/2020;59;21;14.4;93.8;19.8
03/09/2020;56;26;15.0;78.9;16.9
04/09/2020;67;23;16.1;82.6;14.2
05/09/2020;66;21;18.8;87.1;15.8
06/09/2020;60;28;16.4;81.8;14.6
07/09/2020;63;25;14.1;79.6;10.1
08/09/2020;57;31;15.5;71.6;15.4
09/09/2020;64;28;18.0;73.9;13.4
10/09/2020;58;33;16.5;69.7;23.3
11/09/2020;66;30;14.0;73.0;5.3
12/09/2020;71;25;16.3;74.9;14
13/09/2020;64;39;16.6;78.5;18.3
14/09/2020;74;39;17.8;78.2;11.3
15/09/2020;80;49;19.6;76.3;10.9
16/09/2020;93;31;20.6;76.2;14.6
17/09/2020;57;30;15.9;67.6;34.6
18/09/2020;50;39;11.7;69.1;17.9
19/09/2020;66;32;11.8;74.1;6.9
20/09/2020;64;35;12.6;68.1;10.1
21/09/2020;69;46;14.7;73.3;11.9
22/09/2020;86;46;16.8;75.3;15.1
23/09/2020;85;45;17.8;73.5;16.4
24/09/2020;92;31;17.5;85.0;14.5
25/09/2020;76;31;18.6;79.8;27.7
26/09/2020;76;11;19.0;82.3;29.1
27/09/2020;45;17;10.9;97.1;27.4
28/09/2020;59;21;11.5;80.3;20.3
29/09/2020;63;36;13.0;90.0;18
30/09/2020;77;56;14.0;85.4;26.9
01/10/2020;116;13;13.6;88.4;24
02/10/2020;49;13;13.7;93.1;29.1
03/10/2020;47;22;17.4;79.0;41.5
04/10/2020;49;26;18.2;72.6;33.8
05/10/2020;55;33;14.7;85.4;21.6
06/10/2020;68;39;13.8;79.7;20.1
07/10/2020;62;37;12.3;86.5;12.4
08/10/2020;58;32;10.0;94.5;11.9
09/10/2020;82;27;11.4;90.7;15.8
10/10/2020;77;24;14.0;89.2;17.7
11/10/2020;61;23;10.2;82.8;18.8
12/10/2020;72;11;8.2;85.3;21.7
13/10/2020;46;11;7.7;95.1;37.2
14/10/2020;43;31;8.3;90.0;30.3
15/10/2020;82;26;7.5;93.3;11.3
16/10/2020;76;20;6.8;94.7;14
17/10/2020;66;19;6.9;94.3;22
18/10/2020;66;28;7.2;91.0;29.9
19/10/2020;73;34;6.8;85.5;24.6
20/10/2020;87;35;6.7;86.3;16.7
21/10/2020;82;40;10.2;80.1;16.1
22/10/2020;82;37;13.7;78.0;17.9
23/10/2020;95;32;12.3;91.9;10.6
24/10/2020;90;31;12.6;90.7;16.9
25/10/2020;91;28;9.1;96.1;18.8
26/10/2020;81;37;12.7;89.8;21.9
27/10/2020;90;42;13.1;89.9;16.3
28/10/2020;103;36;11.2;92.1;12.6
29/10/2020;85;37;10.8;88.2;16.3
30/10/2020;81;44;8.6;86.2;17.4
31/10/2020;103;34;5.9;97.5;10.6
01/11/2020;97;36;5.4;94.5;18.3
02/11/2020;99;25;9.4;96.6;17.5
03/11/2020;76;28;12.4;97.1;12.7
04/11/2020;82;28;7.8;97.0;13
05/11/2020;73;23;6.5;88.0;25.4
06/11/2020;76;22;8.3;95.7;30.9
07/11/2020;71;34;8.4;94.7;15
08/11/2020;93;26;7.0;93.0;14.2
09/11/2020;72;27;7.8;75.9;16.7
10/11/2020;74;32;7.3;70.8;19.5
11/11/2020;90;33;6.4;80.2;15.6
12/11/2020;90;42;5.4;89.3;19
13/11/2020;109;51;6.0;87.0;14.8
14/11/2020;129;43;6.4;91.4;10.1
15/11/2020;118;31;8.4;90.5;13
16/11/2020;91;39;6.6;91.5;20.6
17/11/2020;100;31;7.8;90.8;10.8
18/11/2020;92;29;9.2;91.6;15.1
19/11/2020;80;23;8.7;78.9;28.6
20/11/2020;60;32;3.1;78.3;30.7
21/11/2020;88;24;0.7;89.2;22.4
22/11/2020;72;22;4.8;76.3;30.9
23/11/2020;70;30;6.6;81.6;34.8
24/11/2020;75;48;5.7;78.3;28.3
25/11/2020;110;48;1.4;82.2;11.1
26/11/2020;124;33;0.7;86.8;15.8
27/11/2020;95;19;4.8;91.4;29.6
28/11/2020;65;21;2.0;86.7;23.2
29/11/2020;66;39;0.4;84.5;16.6
30/11/2020;102;42;0.2;83.8;16.3
01/12/2020;120;34;-0.9;84.2;23
02/12/2020;99;32;-2.4;81.6;28
03/12/2020;95;27;-0.2;78.9;35.6
04/12/2020;85;28;2.8;77.7;42.3
05/12/2020;84;23;7.1;76.9;39.4
06/12/2020;76;21;4.8;82.8;48
07/12/2020;67;26;1.0;73.7;53.6
08/12/2020;79;32;-1.0;76.5;44.6
09/12/2020;94;29;-1.4;80.1;38.1
10/12/2020;90;30;-0.7;89.6;29.1
11/12/2020;93;21;1.6;94.2;22.2
12/12/2020;73;26;2.4;91.5;33.5
13/12/2020;84;25;1.1;94.1;15.8
14/12/2020;74;30;1.0;90.4;13
15/12/2020;90;39;1.1;92.1;27.4
16/12/2020;107;42;3.2;92.5;12.7
17/12/2020;120;44;4.4;93.7;17.5
18/12/2020;120;41;4.3;90.4;12.6
19/12/2020;112;32;0.5;99.4;16.3
20/12/2020;98;36;1.5;97.2;21.1
21/12/2020;104;31;2.1;92.3;22.2
22/12/2020;98;25;3.7;93.6;28.6
23/12/2020;70;18;4.3;88.8;19.6
24/12/2020;66;10;6.8;89.6;22.7
25/12/2020;44;19;2.8;85.9;29.5
26/12/2020;65;24;0.8;85.8;28.5
27/12/2020;77;18;-1.3;79.0;31.4
28/12/2020;63;16;3.8;78.4;45.4
29/12/2020;60;26;5.3;78.9;31.1
30/12/2020;83;33;3.4;94.3;12.4
31/12/2020;98;36;0.7;98.7;9.7
01/01/2021;103;40;0.1;91.2;11.7
02/01/2021;116;41;0.9;93.0;12.4
03/01/2021;120;31;1.9;92.8;21.9
04/01/2021;94;15;3.0;92.8;19.8
05/01/2021;57;23;3.3;94.7;29.1
06/01/2021;78;25;1.8;94.7;16.3
07/01/2021;81;35;1.1;93.6;15.4
08/01/2021;104;41;0.8;88.5;13.7
09/01/2021;122;29;-0.3;95.3;23.3
10/01/2021;91;37;0.0;97.0;19.5
11/01/2021;102;45;-0.3;82.1;16.7
12/01/2021;118;28;-1.2;81.5;21.6
13/01/2021;85;28;-0.3;92.8;23
14/01/2021;88;27;-1.7;89.0;22
15/01/2021;77;30;-6.6;81.6;26.6
16/01/2021;89;40;-7.3;87.3;27.7
17/01/2021;117;80;-13.3;81.9;17.4
18/01/2021;179;76;-16.8;85.8;8.9
19/01/2021;176;45;-9.3;89.4;22.2
20/01/2021;123;39;0.8;93.4;21.1
21/01/2021;102;36;1.5;83.7;21.2
22/01/2021;90;33;3.1;84.6;20
23/01/2021;84;26;3.6;93.1;21.6
24/01/2021;72;26;1.5;92.0;15
25/01/2021;70;22;0.5;92.6;22
26/01/2021;64;29;0.5;86.5;41.7
27/01/2021;56;45;0.3;81.4;30.9
28/01/2021;85;21;-0.0;82.8;17.2
29/01/2021;61;36;-1.8;81.8;28.6
30/01/2021;84;30;-2.5;92.3;16.6
31/01/2021;79;57;-5.8;82.6;19.3
01/02/2021;139;50;-7.4;82.2;17.2
02/02/2021;124;50;-1.3;86.5;23
03/02/2021;126;21;2.4;99.6;12.7
04/02/2021;58;44;0.6;86.5;29.6
05/02/2021;71;38;-3.6;78.0;9.2
06/02/2021;82;23;-6.7;74.0;19.5
07/02/2021;59;25;-10.6;69.6;36
08/02/2021;63;48;-9.4;81.7;38.3
09/02/2021;105;75;-7.3;84.7;9.5
10/02/2021;160;37;-7.6;87.0;10.1
11/02/2021;91;19;-11.1;81.0;29.9
12/02/2021;56;24;-11.0;73.3;29.8
13/02/2021;65;19;-5.6;81.7;28.3
14/02/2021;57;33;-3.3;78.8;37.7
15/02/2021;83;39;-4.7;90.1;25.6
16/02/2021;99;67;-4.0;78.2;22.4
17/02/2021;158;48;-1.4;94.2;15.6
18/02/2021;117;56;-5.6;79.6;21.6
19/02/2021;129;52;-3.9;88.8;24.6
20/02/2021;114;51;2.8;90.7;13.7
21/02/2021;118;63;3.2;81.1;15.9
22/02/2021;137;72;3.5;79.5;13.4
23/02/2021;156;78;3.3;88.0;9.3
24/02/2021;139;97;7.9;81.0;10.1
25/02/2021;142;50;8.1;77.7;8.9
26/02/2021;103;28;6.4;84.8;24.6
27/02/2021;42;28;4.8;76.2;35.9
28/02/2021;72;31;1.9;91.4;30.1
01/03/2021;73;50;2.8;90.8;24.1
02/03/2021;100;55;3.9;84.9;32.3
03/03/2021;121;48;1.2;94.0;10.8
04/03/2021;103;39;3.1;83.2;27.7
05/03/2021;50;43;0.2;72.3;23.8
06/03/2021;58;36;0.3;67.9;22.9
07/03/2021;55;43;2.3;69.0;51.2
08/03/2021;49;64;-1.1;77.9;26.2
09/03/2021;73;70;-1.9;61.7;11.4
10/03/2021;115;54;-1.6;60.8;12.1
11/03/2021;107;25;-0.9;70.5;32.5
12/03/2021;66;22;4.9;82.6;25.1
13/03/2021;54;20;5.7;69.6;26.2
14/03/2021;37;52;6.1;69.2;33.6
15/03/2021;82;54;2.7;82.7;11.1
16/03/2021;103;31;3.0;80.7;12.2
17/03/2021;63;27;2.0;81.8;26.6
18/03/2021;53;44;-0.3;82.5;20.6
19/03/2021;68;40;-1.1;82.3;20.1
20/03/2021;53;29;-2.0;63.1;23.5
21/03/2021;73;47;-0.3;80.2;26.2
22/03/2021;52;47;1.3;71.8;21.2
23/03/2021;64;51;5.7;61.3;25.4
24/03/2021;78;72;5.8;72.0;13.8
25/03/2021;125;73;6.5;69.2;9.7
26/03/2021;141;52;7.1;64.5;15.8
27/03/2021;100;35;9.5;67.0;28.6
28/03/2021;63;38;5.5;69.8;28.8
29/03/2021;84;38;7.2;80.2;13.5
30/03/2021;86;56;10.9;92.1;16.6
31/03/2021;98;58;11.5;78.0;11.7
01/04/2021;101;42;12.4;71.3;23
02/04/2021;51;22;6.1;61.3;26.6
03/04/2021;41;23;5.3;64.5;24.6
04/04/2021;41;24;3.5;66.0;20.1
05/04/2021;51;32;5.4;62.8;30.3
06/04/2021;51;30;1.9;69.0;29.3
07/04/2021;62;22;0.9;78.3;24.6
08/04/2021;57;39;2.9;82.6;27.5
09/04/2021;68;67;5.8;60.7;24.5
10/04/2021;92;43;9.8;49.8;12.7
11/04/2021;76;45;13.5;51.8;25.6
12/04/2021;65;22;12.8;60.1;26.9
13/04/2021;45;17;4.6;75.7;31.5
14/04/2021;48;19;2.6;85.1;28.8
15/04/2021;55;23;4.2;94.5;22.7
16/04/2021;63;27;5.5;93.0;23
17/04/2021;71;32;7.1;94.8;11.4
18/04/2021;69;39;9.1;84.0;9.8
19/04/2021;72;44;12.3;66.2;18.7
20/04/2021;66;60;11.4;58.6;13.4
21/04/2021;96;44;12.0;63.9;23
22/04/2021;55;27;7.5;64.8;31.4
23/04/2021;47;36;4.4;77.8;29.9
24/04/2021;48;34;5.8;62.7;27.5
25/04/2021;33;42;5.4;47.5;19.6
26/04/2021;50;59;3.4;64.0;21.9
27/04/2021;69;43;4.2;58.8;9
28/04/2021;72;50;8.2;44.8;19.6
29/04/2021;77;49;12.6;53.2;20.1
30/04/2021;71;28;12.0;68.4;30.7
01/05/2021;74;19;7.9;86.3;15.3
02/05/2021;47;16;8.6;87.9;35.2
03/05/2021;32;31;6.3;74.8;45.5
04/05/2021;52;19;10.0;61.0;20.4
05/05/2021;42;28;11.1;74.7;19.6
06/05/2021;41;21;9.2;57.1;35.7
07/05/2021;51;23;7.3;84.3;17.2
08/05/2021;44;26;7.1;72.6;32.7
09/05/2021;53;21;12.0;57.0;24.8
10/05/2021;34;32;17.4;50.5;32
11/05/2021;43;30;20.1;48.4;38.6
12/05/2021;39;24;20.3;39.7;42.2
13/05/2021;28;48;16.6;47.9;25.3
14/05/2021;65;39;16.0;66.3;20.9
15/05/2021;56;21;14.8;64.8;23
16/05/2021;53;23;14.2;80.7;15
17/05/2021;49;34;14.3;76.0;14.3
18/05/2021;65;18;13.2;86.3;33.3
19/05/2021;42;34;12.0;81.8;28
20/05/2021;49;36;12.3;68.3;27.7
21/05/2021;49;22;14.2;60.0;18.8
22/05/2021;30;24;12.5;79.7;19
23/05/2021;28;21;13.3;68.5;21.4
24/05/2021;34;22;14.4;66.2;18
25/05/2021;45;29;14.1;79.3;24.3
26/05/2021;34;37;13.6;61.8;23
27/05/2021;43;47;14.2;64.3;19.6
28/05/2021;59;27;12.7;72.7;19.2
29/05/2021;45;27;12.8;69.8;20.3
30/05/2021;37;36;14.2;61.1;28.5
31/05/2021;40;55;14.2;47.4;21.1
01/06/2021;61;43;14.2;59.8;8.7
02/06/2021;51;43;15.8;51.8;16.7
03/06/2021;50;47;17.7;50.1;11.3
04/06/2021;56;30;19.1;53.0;7.1
05/06/2021;61;30;18.1;68.5;14
06/06/2021;58;45;19.2;60.4;15
07/06/2021;52;50;20.8;47.8;18.8
08/06/2021;60;49;20.5;56.7;17.2
09/06/2021;57;49;19.9;58.2;20.6
10/06/2021;52;57;20.0;55.1;22.9
11/06/2021;56;40;18.7;65.5;15.4
12/06/2021;61;19;17.2;83.9;18
13/06/2021;36;28;14.3;78.5;40.2
14/06/2021;34;54;16.8;62.2;20.8
15/06/2021;64;30;18.5;63.6;10.8
16/06/2021;44;25;20.3;58.2;16.6
17/06/2021;34;32;21.6;48.9;16.7
18/06/2021;58;38;24.0;53.1;22.7
19/06/2021;68;32;25.0;58.4;19.6
20/06/2021;63;37;25.1;62.1;22.9
21/06/2021;54;40;25.9;58.3;25.9
22/06/2021;70;50;25.1;69.1;20.3
23/06/2021;77;28;23.3;81.4;21.9
24/06/2021;55;35;22.2;80.7;15.1
25/06/2021;68;26;20.6;84.9;20.6
26/06/2021;47;36;21.2;68.3;20
27/06/2021;44;40;20.7;59.7;19.8
28/06/2021;50;46;20.7;62.0;17.7
29/06/2021;54;40;23.1;57.0;11.1
30/06/2021;62;42;22.8;66.9;17.4
01/07/2021;50;28;21.0;67.0;19
02/07/2021;54;18;18.7;78.4;29.5
03/07/2021;49;27;18.6;90.3;32
04/07/2021;62;31;18.8;90.6;18.3
05/07/2021;59;38;21.0;80.8;10.1
06/07/2021;63;37;23.0;65.8;10.1
07/07/2021;75;41;25.6;63.2;21.6
08/07/2021;78;32;23.8;80.3;13.7
09/07/2021;59;29;24.3;75.6;25.1
10/07/2021;49;20;19.2;82.0;18.2
11/07/2021;46;35;21.1;72.9;12.7
12/07/2021;59;23;23.6;74.8;19.2
13/07/2021;56;51;22.3;78.7;14.5
14/07/2021;72;28;26.7;69.6;14
15/07/2021;49;25;23.8;71.9;22.7
16/07/2021;52;38;22.7;81.0;20
17/07/2021;59;29;24.4;76.3;16.6
18/07/2021;53;38;23.3;76.6;20.4
19/07/2021;52;33;20.8;64.6;24.8
20/07/2021;42;32;19.4;68.5;18.5
21/07/2021;45;34;19.1;70.1;25.9
22/07/2021;43;50;19.1;68.9;15.8
23/07/2021;63;38;20.4;69.6;10.9
24/07/2021;67;32;21.6;66.7;10.1
25/07/2021;59;25;24.0;58.6;21.4
26/07/2021;57;36;21.7;77.3;20.6
27/07/2021;70;32;22.5;82.0;14.5
28/07/2021;56;33;24.1;69.0;15.1
29/07/2021;53;46;21.9;72.5;23.2
30/07/2021;51;47;21.0;61.8;18.3
31/07/2021;61;30;21.0;71.8;13.4
01/08/2021;45;23;19.2;72.0;13.4
02/08/2021;46;28;17.6;81.3;28
03/08/2021;41;18;18.4;66.9;18.5
04/08/2021;49;16;16.5;87.6;8.2
05/08/2021;48;4;16.1;87.8;19
06/08/2021;14;20;14.8;94.1;37.7
07/08/2021;34;19;18.8;74.1;26.6
08/08/2021;44;30;19.3;79.5;22.5
09/08/2021;43;21;19.8;70.6;16.4
10/08/2021;43;25;17.9;81.7;13.5
11/08/2021;47;32;18.1;78.8;22.5
12/08/2021;52;38;17.7;73.7;18.5
13/08/2021;58;47;19.8;69.1;13.2
14/08/2021;72;36;21.5;73.7;16.4
15/08/2021;55;64;21.4;72.0;15.6
16/08/2021;62;21;21.3;77.2;20.3
17/08/2021;44;28;16.6;78.3;26.7
18/08/2021;45;31;16.1;69.8;24.1
19/08/2021;45;29;19.0;69.4;17.7
20/08/2021;52;26;18.0;80.6;16.4
21/08/2021;52;19;16.9;82.0;17.7
22/08/2021;46;16;17.0;79.5;13.7
23/08/2021;44;18;17.2;81.8;27.5
24/08/2021;32;29;14.9;76.7;30.1
25/08/2021;45;15;12.3;77.2;17.1
26/08/2021;43;24;13.6;90.0;16.7
27/08/2021;59;30;15.2;84.1;9.7
28/08/2021;60;36;14.8;85.9;12.9
29/08/2021;73;31;14.1;86.8;6.8
30/08/2021;71;16;14.4;90.3;10.9
31/08/2021;39;20;16.3;82.7;17.4
01/09/2021;32;27;16.1;78.3;35.9
02/09/2021;39;32;14.3;73.0;27
03/09/2021;48;20;14.2;76.2;23.8
04/09/2021;30;14;14.2;62.0;18.3
05/09/2021;26;30;13.0;59.3;14.8
06/09/2021;43;40;11.6;69.1;8.2
07/09/2021;61;51;14.2;69.0;12.1
08/09/2021;84;44;16.3;75.2;10.1
09/09/2021;75;52;17.8;73.8;15.6
10/09/2021;67;49;17.5;69.3;14.5
11/09/2021;75;40;17.9;72.3;12.9
12/09/2021;75;41;18.3;88.0;12.2
13/09/2021;64;36;17.2;82.6;16.6
14/09/2021;57;36;16.0;81.9;8.9
15/09/2021;68;35;16.2;80.3;11.9
16/09/2021;78;30;17.0;88.2;15.8
17/09/2021;67;17;16.2;89.2;21.1